{
  "id": "3544879",
  "name": "网易严选",
  "font_family": "iconfont",
  "css_prefix_text": "icon-",
  "description": "",
  "glyphs": [
    {
      "icon_id": "1045",
      "name": "婴儿车",
      "font_class": "yingerche",
      "unicode": "e600",
      "unicode_decimal": 58880
    },
    {
      "icon_id": "1046",
      "name": "T恤",
      "font_class": "Txu",
      "unicode": "e601",
      "unicode_decimal": 58881
    },
    {
      "icon_id": "1402",
      "name": "连衣裙",
      "font_class": "lianyiqun",
      "unicode": "e602",
      "unicode_decimal": 58882
    },
    {
      "icon_id": "145488",
      "name": "二维码",
      "font_class": "erweima",
      "unicode": "e65f",
      "unicode_decimal": 58975
    },
    {
      "icon_id": "364434",
      "name": "放大镜",
      "font_class": "fangdajing",
      "unicode": "e617",
      "unicode_decimal": 58903
    },
    {
      "icon_id": "444309",
      "name": "酒水，红酒，红酒杯",
      "font_class": "jiushuihongjiuhongjiubei",
      "unicode": "e652",
      "unicode_decimal": 58962
    },
    {
      "icon_id": "446560",
      "name": "99元包邮",
      "font_class": "99yuanbaoyou",
      "unicode": "e606",
      "unicode_decimal": 58886
    },
    {
      "icon_id": "629374",
      "name": "我的反馈",
      "font_class": "wodefankui",
      "unicode": "e656",
      "unicode_decimal": 58966
    },
    {
      "icon_id": "1048421",
      "name": "数码家电类目",
      "font_class": "shumajiadianleimu",
      "unicode": "e6f1",
      "unicode_decimal": 59121
    },
    {
      "icon_id": "1167174",
      "name": "品质供应商",
      "font_class": "pinzhigongyingshang",
      "unicode": "e63c",
      "unicode_decimal": 58940
    },
    {
      "icon_id": "2087551",
      "name": "旅行",
      "font_class": "lvhang",
      "unicode": "e604",
      "unicode_decimal": 58884
    },
    {
      "icon_id": "2323354",
      "name": "退货保障",
      "font_class": "tuihuobaozhang",
      "unicode": "e6d0",
      "unicode_decimal": 59088
    },
    {
      "icon_id": "2674476",
      "name": "客服",
      "font_class": "kefu",
      "unicode": "e625",
      "unicode_decimal": 58917
    },
    {
      "icon_id": "2811143",
      "name": "订阅",
      "font_class": "dingyue",
      "unicode": "e63f",
      "unicode_decimal": 58943
    },
    {
      "icon_id": "3456452",
      "name": "购物车",
      "font_class": "gouwuche",
      "unicode": "e70b",
      "unicode_decimal": 59147
    },
    {
      "icon_id": "5168922",
      "name": "毛巾",
      "font_class": "maojin",
      "unicode": "e614",
      "unicode_decimal": 58900
    },
    {
      "icon_id": "5913038",
      "name": "礼物礼品",
      "font_class": "liwulipin",
      "unicode": "e618",
      "unicode_decimal": 58904
    },
    {
      "icon_id": "5982856",
      "name": "洗衣机",
      "font_class": "xiyiji",
      "unicode": "ec78",
      "unicode_decimal": 60536
    },
    {
      "icon_id": "7339832",
      "name": "树状图",
      "font_class": "shuzhuangtu",
      "unicode": "e6a4",
      "unicode_decimal": 59044
    },
    {
      "icon_id": "8768039",
      "name": "手机",
      "font_class": "shouji",
      "unicode": "e608",
      "unicode_decimal": 58888
    },
    {
      "icon_id": "15559706",
      "name": "微博",
      "font_class": "shejiaotubiao-42",
      "unicode": "e647",
      "unicode_decimal": 58951
    },
    {
      "icon_id": "15933094",
      "name": "微信",
      "font_class": "weixin",
      "unicode": "e607",
      "unicode_decimal": 58887
    },
    {
      "icon_id": "21024482",
      "name": "网易云音乐",
      "font_class": "wangyiyunyinle",
      "unicode": "e63d",
      "unicode_decimal": 58941
    },
    {
      "icon_id": "21120370",
      "name": "抖音",
      "font_class": "douyin",
      "unicode": "e605",
      "unicode_decimal": 58885
    },
    {
      "icon_id": "22908389",
      "name": "品牌标识_抖音",
      "font_class": "pinpaibiaoshi_douyin",
      "unicode": "e659",
      "unicode_decimal": 58969
    }
  ]
}
